Blue Bottle Coffee, 0.94145822525, 315 Linden St, Hayes Valley, San Francisco, CA 94102
Blue Bottle Coffee Co, 0.899999976158, 66 Mint St, SoMa, San Francisco, CA 94103
Ritual Coffee Roasters, 0.895424008369, 1026 Valencia St, Mission, San Francisco, CA 94110
Philz Coffee, 0.89356315136, 3101 24th St, Mission, San Francisco, CA 94110
Dynamo Donut + Coffee, 0.883526563644, 2760 24th St, Mission, San Francisco, CA 94110
Four Barrel Coffee, 0.878645539284, 375 Valencia St, Mission, San Francisco, CA 94103
Philz Coffee, 0.849633932114, 748 Van Ness Ave, San Francisco, CA 94102
Philz Coffee, 0.826143980026, 201 Berry St, SoMa, San Francisco, CA 94158
Blue Bottle Coffee, 0.769127488136, 1 Ferry Bldg, Ste 7, Embarcadero, San Francisco, CA 94111
Pork Store Cafe, 0.745332539082, 1451 Haight St, The Haight, San Francisco, CA 94117
Sightglass Coffee, 0.735875546932, 270 7th St, SoMa, San Francisco, CA 94103
b. Patisserie, 0.719066500664, 2821 California St, Pacific Heights, San Francisco, CA 94115
Philz Coffee, 0.71845638752, 4023 18th St, Castro, San Francisco, CA 94114
Piccino, 0.699877977371, 1001 Minnesota St, Dogpatch, San Francisco, CA 94107
farm:table, 0.669676661491, 754 Post St, Lower Nob Hill, San Francisco, CA 94109
Golden Bear Trading Company, 0.662324547768, 1401 6th Ave, Inner Sunset, San Francisco, CA 94122
Stella Pastry & Cafe, 0.661134839058, 446 Columbus Ave, Russian Hill, San Francisco, CA 94133
Coffee Bar, 0.653508245945, 1890 Bryant St, Mission, San Francisco, CA 94110
The Plant Café Organic, 0.637339830399, 3352 Steiner St, Marina/Cow Hollow, San Francisco, CA 94123
Caffe Greco, 0.625747442245, 423 Columbus Ave, Russian Hill, San Francisco, CA 94133
Plentea, 0.622727274895, 341 Kearny St, Chinatown, San Francisco, CA 94108
Crossroads Cafe, 0.614154994488, 699 Delancey St, SoMa, San Francisco, CA 94107
Bean Bag Cafe, 0.607748627663, 601 Divisadero St, NoPa, San Francisco, CA 94117
Blue Barn Gourmet, 0.604392945766, 2105 Chestnut St, Marina/Cow Hollow, San Francisco, CA 94123
Fraîche, 0.602867603302, 1910 Fillmore St, Lower Pacific Heights, San Francisco, CA 94115
La Boulange de Hayes, 0.60012203455, 500 Hayes St, Hayes Valley, San Francisco, CA 94102
Arlequin Cafe & Food To Go, 0.587309360504, 384 Hayes St, Hayes Valley, San Francisco, CA 94102
Cafe du Soleil, 0.584563732147, 200 Fillmore St, Lower Haight, San Francisco, CA 94102
Blue Front Cafe, 0.576632082462, 1430 Haight St, The Haight, San Francisco, CA 94117
Velo Rouge Cafe, 0.566259920597, 798 Arguello Blvd, Inner Richmond, San Francisco, CA 94118
Blue Bottle Coffee Stand, 0.565649807453, Ferry Plaza Farmers Market, 1 Ferry Bldg, Embarcadero, San Francisco, CA 94105
Toy Boat Dessert Café, 0.565039634705, 401 Clement St, Inner Richmond, San Francisco, CA 94118
Wooly Pig Cafe, 0.562263548374, 205 Hugo St, Inner Sunset, San Francisco, CA 94122
Jane on Fillmore, 0.560158610344, 2123 Fillmore St, Pacific Heights, San Francisco, CA 94115
The Mill, 0.559243440628, 736 Divisadero St, Alamo Square, San Francisco, CA 94117
CoffeeShop, 0.552776098251, 3139 Mission St, Bernal Heights, San Francisco, CA 94110
Contraband Coffee Bar, 0.551311790943, 1415 Larkin St, Nob Hill, San Francisco, CA 94109
La Boulange de Cole, 0.550091505051, 1000 Cole St, Cole Valley, San Francisco, CA 94117
YakiniQ Cafe, 0.550091505051, 1640 Post St, 2nd Fl, Japantown, San Francisco, CA 94115
Beanstalk Cafe, 0.550060987473, 724 Bush St, Nob Hill, San Francisco, CA 94108
Caffe Trieste, 0.546430766582, 609 Vallejo St, North Beach/Telegraph Hill, San Francisco, CA 94133
La Boulange de Fillmore, 0.544600367546, 2043 Fillmore St, Lower Pacific Heights, San Francisco, CA 94115
Mojo Bicycle Café, 0.544600367546, 639 Divisadero St, NoPa, San Francisco, CA 94117
Higher Grounds Coffee House, 0.538773655891, 691 Chenery St, Glen Park, San Francisco, CA 94131
The Revolution Cafe, 0.538499116898, 3248 22nd St, Mission, San Francisco, CA 94110
Philz Coffee, 0.536333143711, 399 Golden Gate Ave, Civic Center, San Francisco, CA 94102
Boba Guys, 0.536089062691, 3491 19th St, Mission, San Francisco, CA 94110
Bereka Coffee, 0.534472227097, 2320 Lombard St, Marina/Cow Hollow, San Francisco, CA 94123
Cafe Algiers, 0.532092750072, 50 Beale St, Financial District, San Francisco, CA 94105
Epicenter Cafe, 0.53087246418, 764 Harrison St, SoMa, San Francisco, CA 94107
Fresh Brew Coffee, 0.530841946602, 882 Bush St, Nob Hill, San Francisco, CA 94108
Cafe Reverie, 0.527516782284, 848 Cole St, Cole Valley, San Francisco, CA 94117
Knead Patisserie, 0.524435639381, 3111 24th St, Mission, San Francisco, CA 94110
Vital Tea Leaf, 0.523825466633, 1044 Grant Ave, Chinatown, San Francisco, CA 94133
Central Coffee Tea & Spice, 0.523520410061, 1696 Hayes St, NoPa, San Francisco, CA 94117
Bernie's, 0.522300183773, 3966 24th St, Noe Valley, San Francisco, CA 94114
Bread and Cocoa, 0.521140933037, 199 Sutter St, Financial District, San Francisco, CA 94104
Cafe Murano, 0.520774841309, 1777 Steiner St, Lower Pacific Heights, San Francisco, CA 94115
Hooker's Sweet Treats, 0.520469784737, 442 Hyde St, Tenderloin, San Francisco, CA 94109
T-We Tea, 0.520439267159, Crocker Galleria, 50 Post St Level 1, Financial District, San Francisco, CA 94104
Papa November, 0.520134210587, 15th & Kansas SE Corner, SoMa, San Francisco, CA 94103
Philz Coffee, 0.518944442272, 4298 24th St, Noe Valley, San Francisco, CA 94114
Cafe Dolci, 0.518059790134, 740 Market St, Union Square, San Francisco, CA 94102
Capital One 360 Café, 0.516808986664, 101 Post St, Union Square, San Francisco, CA 94108
Dolores Park Cafe, 0.515954852104, 501 Dolores St, Mission, San Francisco, CA 94110
Ma'velous, 0.515588760376, 1408 Market St, Civic Center, San Francisco, CA 94102
Piccolo Petes Cafe, 0.514643073082, 2155 Bayshore Blvd, Visitacion Valley, San Francisco, CA 94134
Cafe Madeleine, 0.513483822346, 300 California St, Financial District, San Francisco, CA 94104
La Boulange de Union, 0.512873709202, 1909 Union St, Marina/Cow Hollow, San Francisco, CA 94123
Wicked Grounds, 0.511317849159, 289 8th St, SoMa, San Francisco, CA 94103
Red Blossom Tea Company, 0.511317849159, 831 Grant Ave, Chinatown, San Francisco, CA 94108
Fifty / Fifty Coffee and Tea, 0.510097622871, 3157 Geary Blvd, Laurel Heights, San Francisco, CA 94118
Boba Guys, 0.509823083878, 429 Stockton St, Union Square, San Francisco, CA 94108
Cafe Madeleine, 0.509823083878, 43 O'Farrell St, Union Square, San Francisco, CA 94108
Song Tea & Ceramics, 0.507626593113, 2120 Sutter St, Lower Pacific Heights, San Francisco, CA 94115
Iron Horse Coffee Bar, 0.507626593113, 25 Maiden Ln, Union Square, San Francisco, CA 94108
Cafe Me, 0.507046937943, 500 Washington St, Financial District, San Francisco, CA 94111
Cafe St. Jorge, 0.507046937943, 3438 Mission St, Bernal Heights, San Francisco, CA 94110
Cento, 0.507046937943, 372 Ritch St, SoMa, San Francisco, CA 94107
Philz Coffee, 0.506711423397, 1258 Minnesota St, Potrero Hill, San Francisco, CA 94107
Specialty's Cafe & Bakery, 0.506467342377, 369 Pine St, Financial District, San Francisco, CA 94104
Farley's, 0.505277633667, 1315 18th St, Potrero Hill, San Francisco, CA 94107
La Boulange de Market, 0.505247116089, 685 Market St, Financial District, San Francisco, CA 94103
Luna's Coffee House, 0.503660798073, 1101 Potrero Ave, Mission, San Francisco, CA 94110
Philz Coffee, 0.503355681896, Marina District, Marina Green, Marina/Cow Hollow, San Francisco, CA
Ro Cafe, 0.502745568752, 2739 Geary St, Laurel Heights, San Francisco, CA 94118
The Coffee Bean & Tea Leaf, 0.502226948738, 773 Market St, Union Square, San Francisco, CA 94103
Lupicia Tea Shop, 0.502165913582, 845 Market St, Ste 381, Union Square, San Francisco, CA 94103
Ledesma's Coffee Shop & Rolex Authorized Dealer, 0.501525342464, 1485 Bayshore Blvd, Bayview-Hunters Point, San Francisco, CA 94124
Espresso Subito, 0.501525342464, Financial District, San Francisco, CA 94105
Cafe V, 0.501525342464, 1825 Post St, Japantown, San Francisco, CA 94115
Mixte, 0.501220285892, SoMa, San Francisco, CA
San Francisco Coffee Company, 0.501220285892, 70 13th St, SoMa, San Francisco, CA 94103
Nomadic Ground, 0.500915169716, Mission, San Francisco, CA 94110
Vasquez Coffee Company, 0.500915169716, 50 Mendell Street, Unit One, Bayview-Hunters Point, San Francisco, CA 94124
Europa Malvina Coffee Company, 0.500915169716, 2250 Jerrold Ave, #12, Bayview-Hunters Point, San Francisco, CA 94124
KP's Coffee Shack, 0.500915169716, 888 Brannan St, SoMa, San Francisco, CA 94103
Rainbow Grocery Cafe, 0.500610113144, 73 13th St, Mission, San Francisco, CA 94103
La Lucha Coffee Bar, 0.500610113144, 1600 17th St, Potrero Hill, San Francisco, CA 94107
Grafeo Coffee, 0.500610113144, 735 Columbus Ave., Russian Hill, San Francisco, CA 94133
Gid Coffee Cart, 0.500610113144, 2 Folsom St, Financial District, San Francisco, CA 94105
De La Paz Coffee, 0.500610113144, The Contemporary Jewish Museum, Outdoor Plaza, 736 Mission St, Union Square, San Francisco, CA 94103
Java The Hut, 0.500610113144, 1110 Gorgas Ave, Presidio, San Francisco, CA 94129
Microryza Coffee Roasters, 0.500610113144, 346 1st St, SoMa, San Francisco, CA 94105
La Boulange, 0.500366091728, 781 Mission St, Financial District, San Francisco, CA 94103
On the Go Coffee Stand, 0.500305056572, 180 Howard St, Financial District, San Francisco, CA 94105
GGU Student Center Cafe, 0.500305056572, 40 Jessie St, Financial District, San Francisco, CA 94105
Tongwong Coffee, 0.500305056572, 110 5th Street 2nd Fl, SoMa, San Francisco, CA 94103
Vital Tea Leaf, 0.500305056572, 1044 Grant Ave, Chinatown, San Francisco, CA 94133
Caffe Cova, 0.500305056572, 550 Kearny St, Financial District, San Francisco, CA 94108
Chump Chai, 0.500305056572, NoPa, San Francisco, CA 94115
Montgomery BART Station Coffee Shop, 0.500305056572, Montgomery BART Station, 598 Market St, Financial District, San Francisco, CA 94104
Academia, 0.500305056572, 251 Kearny St, Union Square, San Francisco, CA 94108
Cafe Tan Tan, 0.500305056572, 1581 Webster St, Japantown, San Francisco, CA 94115
SF Teatime Gifts, 0.500305056572, 1890 Bryant St, Mission, San Francisco, CA 94110
Pete's Coffee Cart, 0.500305056572, at Davies Medical Center, CPMC, 45 Castro St, Duboce Triangle, San Francisco, CA 94114
The Chai Cart, 0.500305056572, 1453 Mission St, SoMa, San Francisco, CA 94103
Peet's Coffee & Tea, 0.500305056572, 1275 Fell Street, Lower Haight, San Francisco, CA 94107
Caffe Cova, 0.500305056572, The Hartford Building, 650 California St, Chinatown, San Francisco, CA 94108
Tully's Coffee, 0.500305056572, 750 Kearny St, Financial District, San Francisco, CA 94108
Starbucks, 0.500305056572, 298 King St, SoMa, San Francisco, CA 94107
Nordstrom's eBar, 0.500305056572, 285 Winston Dr, SoMa, San Francisco, CA 94132
Aroma Tea Shop, 0.499420374632, 302 6th Ave, Inner Richmond, San Francisco, CA 94118
Cafe Madeleine, 0.498840749264, 149 New Montgomery St, Financial District, San Francisco, CA 94105
Brioche Bakery & Cafe, 0.498535692692, 210 Columbus Ave, Chinatown, San Francisco, CA 94133
Spike's Coffees & Teas, 0.498505175114, 4117 19th St, Castro, San Francisco, CA 94114
Cafe Venue, 0.49823063612, 218 Montgomery St, Financial District, San Francisco, CA 94104
Jackson Place Cafe, 0.49789506197, 633 Battery St, Financial District, San Francisco, CA 94111
Caffe Puccini, 0.497620522976, 411 Columbus Ave, Russian Hill, San Francisco, CA 94133
Five Star Truffles Co., 0.497284919024, 4251 A 18th St, Castro, San Francisco, CA 94114
Java Supreme, 0.496979862452, 703 Guerrero St, Mission, San Francisco, CA 94110
Sunstream Coffee, 0.496979862452, 2884 Geary Blvd, Laurel Heights, San Francisco, CA 94118
Castro Coffee Company, 0.495759606361, 427 Castro St, Castro, San Francisco, CA 94114
Cafe International, 0.494264811277, 508 Haight St, Lower Haight, San Francisco, CA 94117
The Jelly Donut, 0.493624150753, 3198 24th St, Mission, San Francisco, CA 94110
Grand Coffee, 0.493014037609, 2663 Mission St, Mission, San Francisco, CA 94110
Special Xtra, 0.491793751717, 46 Minna St, Financial District, San Francisco, CA 94105
The Blue Fig, 0.489993900061, 990 Valencia St, Mission, San Francisco, CA 94110
Faye's Video & Espresso Bar, 0.489658325911, 3614 18th St, Mission, San Francisco, CA 94110
Dartealing Lounge, 0.48877364397, 470 3rd St, SoMa, San Francisco, CA 94107
901 Columbus Cafe, 0.488468587399, 901 Columbus Ave, Russian Hill, San Francisco, CA 94133
Graffeo Coffee Roasting Company, 0.48599755764, 735 Columbus Ave, Russian Hill, San Francisco, CA 94133
Bello Coffee & Tea, 0.485723018646, 2885 Diamond St, Glen Park, San Francisco, CA 94131
Greenhouse Cafe, 0.484807819128, 329 W Portal Ave, West Portal, San Francisco, CA 94127
Another Cafe, 0.482367306948, 1191 Pine St, Nob Hill, San Francisco, CA 94109
Vega At Langton, 0.48233678937, 1246 Folsom St, SoMa, San Francisco, CA 94103
The Creamery, 0.481818199158, 685 4th St, SoMa, San Francisco, CA 94107
Cafe Seventy8, 0.481421589851, 78 29th St, Bernal Heights, San Francisco, CA 94110
Ritual Coffee Roasters, 0.481421589851, 1634 Jerrold Ave, Bayview-Hunters Point, San Francisco, CA 94124
Coffee to the People, 0.480262339115, 1206 Masonic Ave, The Haight, San Francisco, CA 94117
Elite Audio Coffee Bar, 0.479896277189, 893A Folsom St, SoMa, San Francisco, CA 94107
Moya, 0.479011595249, 121 9th St, SoMa, San Francisco, CA 94103
Picnic on Third, 0.477760821581, 493 3rd St, SoMa, San Francisco, CA 94107
Matching Half Café, 0.477181196213, 1799 McAllister St, NoPa, San Francisco, CA 94117
Monterey Deli, 0.476845622063, 499 Monterey Blvd, Outer Mission, San Francisco, CA 94127
Snowbird Coffee, 0.476235508919, 1352 A 9th Ave, Inner Sunset, San Francisco, CA 94122
DeLise, 0.475960969925, 327 Bay St, North Beach/Telegraph Hill, San Francisco, CA 94133
Workshop Cafe, 0.475655883551, 180 Montgomery St, Ste 100, Financial District, San Francisco, CA 94104
The Grind, 0.475381314754, 783 Haight St, Lower Haight, San Francisco, CA 94117
Progressive Grounds, 0.475350826979, 400 Cortland Ave, Bernal Heights, San Francisco, CA 94110
Cup Coffee Bar, 0.475320309401, 6 Monterey Blvd, Outer Mission, San Francisco, CA 94131
Tierra Mia Coffee, 0.475015252829, 3188 Mission St, Bernal Heights, San Francisco, CA 94110
DavidsTea, 0.474405109882, 2123 Polk St, Russian Hill, San Francisco, CA 94109
Trouble Coffee Company, 0.474405109882, 1730 Yosemite Ave, Bayview-Hunters Point, San Francisco, CA 94124
Cafe Venue, 0.473520457745, 67 5th St, SoMa, San Francisco, CA 94103
Beanery, 0.473520457745, 1307 9th Ave, Inner Sunset, San Francisco, CA 94122
Grandma's Deli & Cafe, 0.473489910364, 1551 Mission St, SoMa, San Francisco, CA 94103
Joy's Place, 0.472605258226, 611 Post St, Lower Nob Hill, San Francisco, CA 94109
Nespresso Boutique Bar, 0.472300171852, 90 Grant Ave, Union Square, San Francisco, CA 94108
The Chai Cart, 0.472269654274, 545 Market St, Financial District, San Francisco, CA 94105
Jump Start Coffee & Grocery, 0.472269654274, 1192 Guerrero St, Mission, San Francisco, CA 94110
Coffee Bar, 0.47199511528, 101 Montgomery St, Financial District, San Francisco, CA 94104
Spin City Launderette & Coffee Bar, 0.471964597702, 1299 Sanchez St, Noe Valley, San Francisco, CA 94114
Cafe Sophie, 0.471690058708, 3463 16th St, Castro, San Francisco, CA 94114
Socola Chocolatier + Barista, 0.471049398184, 535 Folsom St, SoMa, San Francisco, CA 94105
Réveille Coffee Co. Truck, 0.470744341612, 768 Sansome St, Financial District, San Francisco, CA 94111
Cafeto Coffee Shop, 0.470744341612, 111 Richland Ave, Bernal Heights, San Francisco, CA 94110
Capricorn Coffees & Teas, 0.470744341612, 353 10th St, SoMa, San Francisco, CA 94103
Peet's Coffee & Tea, 0.470134228468, 405 Howard, Financial District, San Francisco, CA 94105
Sweet Chinito Coffee, 0.470134228468, 3100 Mission St, Bernal Heights, San Francisco, CA 94110
Caffe Roma Coffee Roasting, 0.46989017725, 526 Columbus Ave, North Beach/Telegraph Hill, San Francisco, CA 94133
Black Point Cafe, 0.469859659672, 882 N Point St, Russian Hill, San Francisco, CA 94109
Il Canto Cafe, 0.468608886003, 275 Battery St, Financial District, San Francisco, CA 94111
Mercury Cafe, 0.46833434701, 201 Octavia Blvd, Hayes Valley, San Francisco, CA 94102
Paramo Coffee Company, 0.468303829432, 4 Embarcadero Ctr, Financial District, San Francisco, CA 94111
Tart To Tart, 0.468090295792, 641 Irving St, Inner Sunset, San Francisco, CA 94122
Destination Baking Company, 0.467724233866, 598 Chenery St, Glen Park, San Francisco, CA 94131
Bean There, 0.467724233866, 201 Steiner St, Lower Haight, San Francisco, CA 94117
Tiny Warrior Coffee, 0.467693716288, 3376 18th St, Mission, San Francisco, CA 94110
Wrecking Ball Coffee Roasters, 0.467693716288, 2271 Union St, Marina/Cow Hollow, San Francisco, CA 94123
Ritual Coffee Roasters, 0.467114090919, 432b Octavia St, Hayes Valley, San Francisco, CA 94102
Vital Tea Leaf, 0.466473460197, 509 Grant Ave, Chinatown, San Francisco, CA 94108
DAVIDsTEA, 0.466168373823, 3870 24th St, Noe Valley, San Francisco, CA 94114
Starbucks, 0.466168373823, 505 Sansome St, Financial District, San Francisco, CA 94111
L'acajou Bakery & Cafe, 0.465893834829, 498 9th St, Ste C, SoMa, San Francisco, CA 94103
Pinhole Coffee, 0.465863317251, 231 Cortland Ave, Bernal Heights, San Francisco, CA 94110
Flywheel Coffee Roasters, 0.465588778257, 672 Stanyan St, The Haight, San Francisco, CA 94117
Eureka! Cafe, 0.464948117733, 451 Castro St, Castro, San Francisco, CA 94114
DavidsTea, 0.464643061161, 2272-2276 Chestnut St, Marina/Cow Hollow, San Francisco, CA 94123
Temo Cafe, 0.464032948017, 3000 24th St, Mission, San Francisco, CA 94110
The Spice & Tea Exchange, 0.463727861643, 39 Pier, Ste 273, North Beach/Telegraph Hill, San Francisco, CA 94133
Hole In The Wall Coffee, 0.463727861643, 524 Union St, North Beach/Telegraph Hill, San Francisco, CA 94133
Un Cafecito, 0.463422805071, 335 Jones St, Tenderloin, San Francisco, CA 94102
Nespresso Boutique at Bloomingdale's, 0.463117748499, 845 Market St, Concourse Level, SoMa, San Fransisco, CA 94103
It's Tops Coffee Shop, 0.462873697281, 1801 Market St, Mission, San Francisco, CA 94103
Libby Jane Cafe, 0.462812691927, 644 Polk St, Tenderloin, San Francisco, CA 94109
New Alternatives Cafe, 0.462507605553, 1600 Guerrero St, Bernal Heights, San Francisco, CA 94110
Sweet Inspiration, 0.462263584137, 2239 Market St, Castro, San Francisco, CA 94114
Latte Express, 0.462233066559, 646 Kearny St, Financial District, San Francisco, CA 94108
Cafe La Vie, 0.462233066559, 514 Octavia St, Hayes Valley, San Francisco, CA 94102
Artis Coffee, 0.462202548981, 537 Octavia St, Hayes Valley, San Francisco, CA 94102
Kafe 99 Sqft, 0.462202548981, 3150 18th St, Mission, San Francisco, CA 94110
Tokyo Futon & Tea, 0.461897492409, 924 Valencia St, Mission, San Francisco, CA 94110
Cafe La Taza, 0.461622953415, 2475 Mission St, Mission, San Francisco, CA 94110
Borderlands Café, 0.461012810469, 870 Valencia St, Mission, San Francisco, CA 94110
Angel Cafe & Deli, 0.460402697325, 700 Geary St, Lower Nob Hill, San Francisco, CA 94109
Cafe Franco, 0.460372179747, Fort Mason, Bldg 240, Marina/Cow Hollow, San Francisco, CA 94123
Chestnut Street Coffee Roastery, 0.46009761095, 2331 Chestnut St, Marina/Cow Hollow, San Francisco, CA 94123
Pineapples, 0.459792554379, 296 Ocean Ave, Outer Mission, San Francisco, CA 94112
Weaver's Coffee & Tea, 0.459456980228, 2301 Market St, Castro, San Francisco, CA 94114
The Station SF, 0.458877384663, 596 Pacific Ave, Financial District, San Francisco, CA 94133
Church Street Cafe, 0.458267241716, 260 Church St, Castro, San Francisco, CA 94114
The Chai Cart, 0.457626581192, 560 Valencia St, Mission, San Francisco, CA 94110
Eat Drink Play, 0.457626581192, 28 Leland Ave, Visitacion Valley, San Francisco, CA 94134
Espresso Bar, 0.45732152462, Nordstrom, 865 Market St, Union Square, San Francisco, CA 94103
Tasty Coffee, 0.456711411476, 1818 San Jose Ave, Outer Mission, San Francisco, CA 94112
Starbucks, 0.456711411476, 310 Pacific Ave, Financial District, San Francisco, CA 94111
Sutter Cafe, 0.456711411476, 330 Sutter St, Union Square, San Francisco, CA 94108
Fora Think Space, 0.456406325102, 150 Broadway St, North Beach/Telegraph Hill, San Francisco, CA 94111
Bravado, Italian Coffee Bar and Lounge, 0.456131786108, 170 King St, Ste 109, SoMa, San Francisco, CA 94107
Moolicious - Sansome, 0.45610126853, 1 Sansome St, Ste 105, Financial District, San Francisco, CA 94104
Cube Tea, 0.455796211958, 488 Fell St, Hayes Valley, San Francisco, CA 94102
Caffe Terzetto Express, 0.455491155386, 400 Parnassus St, Inner Sunset, San Francisco, CA 94122
Réveille Coffee Co., 0.45521658659, 4076 18th St, Castro, San Francisco, CA 94114
Blue Bottle Coffee, 0.455186069012, 1355 Market St, SoMa, San Francisco, CA 94103
The Daily Habit, 0.455186069012, 1 Maritime Plz, Financial District, San Francisco, CA 94111
Red Door Coffee, 0.455186069012, 505 Howard St, Financial District, San Francisco, CA 94105
Rodger's Coffee & Tea, 0.454911530018, 3520 20th St, Ste A, Mission, San Francisco, CA 94110
Emo's Cafe, 0.45488101244, 201 Turk St, Tenderloin, San Francisco, CA 94102
Duboce Park Cafe, 0.454636961222, 2 Sanchez St, Duboce Triangle, San Francisco, CA 94114
Peet's Coffee & Tea, 0.454575955868, 919 Cole St, Cole Valley, San Francisco, CA 94117
The Richfield, 0.454270899296, 195 5th Ave, Inner Richmond, San Francisco, CA 94118
The Chai Cart, 0.454270899296, 298 Market St, Financial District, San Francisco, CA 94111
Chapel Hill Coffee, 0.454270899296, 670 Commercial St, Financial District, San Francisco, CA 94111
L's Caffe, 0.453996360302, 2871 24th St, Mission, San Francisco, CA 94110
Cable Car Cafe, 0.453691273928, 519 Powell St, Union Square, San Francisco, CA 94108
Stanza Coffee, 0.453691273928, 3126 16th St, Mission, San Francisco, CA 94103
Repose Coffee Bar and Gallery, 0.45366075635, 262 Divisadero St, Lower Haight, San Francisco, CA 94117
Sightglass Coffee Stand, 0.45366075635, 1 Ferry Building Marketplace, Embarcadero, San Francisco, CA 94111
Ashley's Cafe, 0.453386217356, 4454 California St, Inner Richmond, San Francisco, CA 94118
Morning Due Cafe, 0.45311164856, 3698 17th St, Castro, San Francisco, CA 94114
On the Go Espresso, 0.453050643206, 120 Howard Street, Financial District, San Francisco, CA 94105
Mission Bubbles and Coffee, 0.453050643206, 8 Valencia St, SoMa, San Francisco, CA 94103
GreenLid Studiomix, 0.452745556831, 1000 Van Ness Ave, 3rd Fl, Fillmore, San Francisco, CA 94109
House of Snacks, 0.452440500259, House of Air, 926 Mason St, Presidio, San Francisco, CA 94129
Java Trading Company, 0.452440500259, 100 5th St, SoMa, San Francisco, CA 94103
Paisanos Cafe, 0.452135443687, 3017 Mission St, Mission, San Francisco, CA 94110
R Caffe, 0.452135443687, 614 Polk St, Tenderloin, San Francisco, CA 94102
Carafe Cafe, 0.451830387115, 1123 Folsom St, SoMa, San Francisco, CA 94103
Doggie Diner Heads, 0.451830387115, Treasure Island, San Francisco, CA
San Francisco Design Center Cafe, 0.451830387115, 2 Henry Adams St, SoMa, San Francisco, CA 94103
Caffe Central, 0.451525300741, 530 Parnassus Ave, Kalmanovitz Library, Inner Sunset, San Francisco, CA 94143
George's Coffee Shop, 0.451525300741, 2200 Oakdale Ave, Bayview-Hunters Point, San Francisco, CA 94124
Melt!, 0.451281249523, 700 Columbus Ave, Russian Hill, San Francisco, CA 94133
Donut World, 0.451250761747, 1399 9th Ave, Inner Sunset, San Francisco, CA 94122
Kien Thanh Coffee Shop, 0.451220244169, 431 Eddy Street, Tenderloin, San Francisco, CA 94109
Coffee Magic, 0.451220244169, 46 Vienna St, Excelsior, San Francisco, CA 94112
Divine Chai, 0.451220244169, 301 Mission St, Financial District, San Francisco, CA 94105
Adam's Organic Coffees, 0.450915187597, SoMa, San Francisco, CA 94101
Zodiac Coffee & Tea, 0.450915187597, 4653 Mission St., Excelsior, San Francisco, CA 94112
La Capra, 0.450915187597, 360 3rd St, SoMa, San Francisco, CA 94107
Precita Food Mart, 0.450915187597, 35 Precita Ave, Bernal Heights, San Francisco, CA 94110
SHAMA coffee shop, 0.450915187597, 2310 Mission, Mission, San Francisco, CA 94110
Chocolate Chair, 0.450610131025, 1520 Webster St, Japantown, San Francisco, CA 94115
Sundays, 0.450610131025, 1248 9th Ave, Inner Sunset, San Francisco, CA 94122
Asha Tea House, 0.450610131025, 17 Kearney St, Union Square, San Francisco, CA 94108
Pivot/Coffee, 0.450610131025, 650 Townsend, SoMa, San Francisco, CA 94103
Teahouse, 0.450610131025, Golden Gate Park, San Francisco, CA 94118
Sausalito Cafe, 0.449725449085, 100 1st St, Financial District, San Francisco, CA 94105
Cole Valley Cafe, 0.449725449085, 701 Cole St, The Haight, San Francisco, CA 94117
Réveille Coffee Co., 0.449420392513, 200 Columbus Ave, Chinatown, San Francisco, CA 94133
Martha & Bros Coffee Company, 0.449115335941, 1551 Church St, Noe Valley, San Francisco, CA 94131
Deli & ..., 0.448505192995, 124 Montgomery St, Financial District, San Francisco, CA 94104
Martha & Brothers Coffee, 0.448505192995, 3868 24th St, Noe Valley, San Francisco, CA 94114
Beacon Coffee & Pantry, 0.448200136423, 805 Columbus Ave, Russian Hill, San Francisco, CA 94133
Quetzal Internet Cafe, 0.447620511055, 1234 Polk St, Lower Nob Hill, San Francisco, CA 94109
Progressive Grounds Cafe, 0.447284936905, 2301 Bryant St, Mission, San Francisco, CA 94110
Starbucks, 0.447010368109, 3595 California St, Laurel Heights, San Francisco, CA 94118
20th Century Cafe, 0.446369737387, 198 Gough St, Hayes Valley, San Francisco, CA 94102
La Boulange de Sutter, 0.446095168591, 222 Sutter St, Union Square, San Francisco, CA 94108
H Cafe, 0.444844424725, 3801 17th St, Castro, San Francisco, CA 94114
Stanza Coffee & Wine Bar, 0.444844424725, 1673 Haight St, The Haight, San Francisco, CA 94117
Celtic Coffee Company, 0.444539368153, 142 McAllister St, Civic Center, San Francisco, CA 94102
Peet's Coffee & Tea, 0.443929225206, 692 Mission St, Financial District, San Francisco, CA 94105
Village Market, 0.443624168634, 4555 California St, Inner Richmond, San Francisco, CA 94118
La Stazione Coffee & Wine Bar, 0.443624168634, 701 Pennsylvania Ave, Potrero Hill, San Francisco, CA 94107
Four Seasons Restaurant, 0.443319112062, 721 Larkin St, Tenderloin, San Francisco, CA 94109
The Coffee Bean & Tea Leaf, 0.443319112062, 4 Embarcadero Ctr, Financial District, San Francisco, CA 94111
Cafe Zazo, 0.443319112062, 64 14th St, Mission, San Francisco, CA 94103
Java On Ocean Coffee House, 0.443044543266, 1700 Ocean Ave, Mount Davidson Manor, San Francisco, CA 94112
Daniel's Cafe, 0.442403912544, 154 Ellis St, Union Square, San Francisco, CA 94102
Bay Watch Restaurant, 0.441183656454, 2150 Lombard St, Marina/Cow Hollow, San Francisco, CA 94123
Martha & Brothers Coffee, 0.440878599882, 745 Cortland Ave, Bernal Heights, San Francisco, CA 94110
Blue Bottle Coffee, 0.440573513508, Heath Ceramics, 2900 18th St, Mission, San Francisco, CA 94110
The Beanery, 0.439963400364, 602 Irving St, Inner Sunset, San Francisco, CA 94122
Peet's Coffee & Tea, 0.439353257418, 1 Ferry Building, Shop 43, Embarcadero, San Francisco, CA 94111
Cantata Coffee Company, 0.439353257418, 1708 Haight St, The Haight, San Francisco, CA 94117
Royal Grounds Coffee, 0.439353257418, 2216 Polk St, Russian Hill, San Francisco, CA 94109
Sugarlump, 0.439078688622, 2862 24th St, Mission, San Francisco, CA 94110
Macha Cafe, 0.439048200846, 1355 Sutter St, Lower Pacific Heights, San Francisco, CA 94109
Peet's Coffee & Tea, 0.438743144274, 54 West Portal Avenue, West Portal, San Francisco, CA 94127
Haus Coffee, 0.438163518906, 3086 24th St, Mission, San Francisco, CA 94110
Peet's Coffee & Tea, 0.437827944756, 2197 Fillmore Street, Pacific Heights, San Francisco, CA 94115
Fillmore Street Cafe, 0.437522888184, 1301 Fillmore St, Western Addition, San Francisco, CA 94115
Les Clos, 0.437217831612, 234 Townsend St, SoMa, San Francisco, CA 94107
Panini, 0.436912745237, 1457 Haight St, The Haight, San Francisco, CA 94117
Peet's Coffee & Tea, 0.436912745237, 601 Van Ness, Fillmore, San Francisco, CA 94102
Lava Java, 0.436912745237, 852 Stanyan St, Cole Valley, San Francisco, CA 94117
Coffee Cultures, 0.436302632093, 225 Bush St, Financial District, San Francisco, CA 94104
Peet's Coffee & Tea, 0.435997575521, 595 Mission Street, Financial District, San Francisco, CA 94105
Jane on Larkin, 0.435997575521, 925 Larkin St, Lower Nob Hill, San Francisco, CA 94109
Pete's Deli & Cafe, 0.435692489147, 1661 Divisadero St, Lower Pacific Heights, San Francisco, CA 94115
Cafe Isabella, 0.435692489147, 1414 Taylor St, Nob Hill, San Francisco, CA 94133
Espressamente iIly, 0.435387432575, 123 Battery St, Financial District, San Francisco, CA 94104
Muka, 0.435082376003, 370 Grove St, Hayes Valley, San Francisco, CA 94102
Jebena Coffee & Tea Co, 0.434777319431, 990 Polk St, Tenderloin, San Francisco, CA 94109
Luv a Java, 0.434777319431, 1300 Dolores St, Noe Valley, San Francisco, CA 94114
Starbucks, 0.434167176485, 2727 Mariposa St, Mission, San Francisco, CA 94110
Linea Caffe, 0.432946920395, 3417 18th St, Mission, San Francisco, CA 94110
Cafe Coco, 0.431116551161, 4201 Geary Blvd, Inner Richmond, San Francisco, CA 94118
Oakside Cafe, 0.431116551161, 1195 Oak St, Lower Haight, San Francisco, CA 94117
Bayside Cafe, 0.430506408215, 2011 Bayshore Blvd, Visitacion Valley, San Francisco, CA 94134
Sightglass Coffee, 0.430201351643, 3014 20th St, Mission, San Francisco, CA 94110
Peet's Coffee & Tea, 0.42867603898, 217 Montgomery Street, Financial District, San Francisco, CA 94104
Cafe Terminus, 0.42867603898, 16 California St, Financial District, San Francisco, CA 94109
The Posh Bagel, 0.427486270666, 270 Sutter St, Union Square, San Francisco, CA 94108
Cup A Joe Coffeehouse, 0.427486270666, 896 Sutter St, Lower Nob Hill, San Francisco, CA 94109
Samovar Tea, 0.42745578289, 411 Valencia St, Mission, San Francisco, CA 94103
Espressamente Illy, 0.427150696516, 2349 Market St, Castro, San Francisco, CA 94114
Starbucks, 0.426845639944, 1 Letterman Dr, Bldg C, Presidio, San Francisco, CA 94129
Peet's Coffee & Tea, 0.426540583372, 3419 California Street, Laurel Heights, San Francisco, CA 94118
Goody Goodie Cream & Sugar, 0.4262355268, 1830 Harrison St, Mission, San Francisco, CA 94103
Anda Piroshki, 0.425930440426, 331 Cortland, Bernal Heights, San Francisco, CA 94110
Nile Cafe & Hookah Lounge, 0.42565587163, 544 Jones St, Tenderloin, San Francisco, CA 94102
Royal Ground Coffee, 0.425625383854, 3101 Geary Blvd, Laurel Heights, San Francisco, CA 94118
Peet's Coffee & Tea, 0.425320327282, Two Embarcadero Center, Ste R2113, Financial District, San Francisco, CA 94111
DAVIDsTEA, 0.424405127764, Westfield Shopping Center, 865 Market St, Union Square, San Francisco, CA 94103
Starbucks, 0.424405127764, 675 Portola Dr, Miraloma Park, San Francisco, CA 94127
Peet's Coffee & Tea, 0.424100071192, 22 Battery Street, Financial District, San Francisco, CA 94111
Starbucks, 0.424100071192, 689 Townsend St, SoMa, San Francisco, CA 94103
Lafayette Coffee Shop, 0.42379501462, 250 Hyde St, Tenderloin, San Francisco, CA 94102
Sausalito Espresso, 0.423184871674, 50 Beale St, Financial District, San Francisco, CA 94105
The Brew, 0.423184871674, 2436 Polk St, Russian Hill, San Francisco, CA 94109
Alamo Square Cafe, 0.423184871674, 711 Fillmore St, Alamo Square, San Francisco, CA 94117
Tosca Cafe, 0.422910302877, 242 Columbus Ave, North Beach/Telegraph Hill, San Francisco, CA 94133
Martha & Brothers Coffee, 0.422879815102, 401 Irving St, Inner Sunset, San Francisco, CA 94122
King's Cafe, 0.42257475853, 1552 Ocean Ave, Westwood Park, San Francisco, CA 94112
Little Sweet, 0.42257475853, 3836 Geary Blvd, Inner Richmond, San Francisco, CA 94118
Peet's Coffee & Tea, 0.42257475853, 2139C Polk Street, Russian Hill, San Francisco, CA 94109
Curbside Coffee, 0.42257475853, 298 Spear St, Financial District, San Francisco, CA 94105
Mission Creek Cafe, 0.421690046787, 968 Valencia St, Mission, San Francisco, CA 94110
Starbucks, 0.421659559011, 280 King St, SoMa, San Francisco, CA 94107
Emporio Rulli Union Square, 0.421079933643, 333 Post St, Union Square, San Francisco, CA 94108
Rapha, 0.421049416065, 2198 Filbert St, Marina/Cow Hollow, San Francisco, CA 94123
Peet's Coffee & Tea, 0.421049416065, 370 Fourth Street, SoMa, San Francisco, CA 94107
Jolt N Bolt, 0.421049416065, 2325 3rd St, Ste 100, Dogpatch, San Francisco, CA 94107
Les Croissants, 0.420774847269, 2 California St, Financial District, San Francisco, CA 94111
Peet's Coffee & Tea, 0.420439302921, 450 Sansome, Ste 1, Financial District, San Francisco, CA 94111
Hearth Coffee Roasters, 0.420439302921, 3985 17th St, Castro, San Francisco, CA 94114
Cumaica, 0.419524103403, 200 Clement St, Inner Richmond, San Francisco, CA 94118
Red Door Coffee, 0.419524103403, 111 Minna St, Financial District, San Francisco, CA 94105
Sextant Coffee Roasters, 0.419524103403, 1415 Folsom St, SoMa, San Francisco, CA 94103
Philz Coffee, 0.419219046831, 1 Front St, Ste 100, Financial District, San Francisco, CA 94111
It's A Grind Coffee House, 0.418944478035, 1800 Polk St, Nob Hill, San Francisco, CA 94109
La Boulange de Noe, 0.418639421463, 3898 24th St, Noe Valley, San Francisco, CA 94114
Peet's Coffee & Tea, 0.418608903885, 1 California, Financial District, San Francisco, CA 94111
Peet's Coffee & Tea, 0.418608903885, 310 Broderick St, Lower Haight, San Francisco, CA 94107
Café UB, 0.418608903885, 3901 18th St, Castro, San Francisco, CA 94114
Four Barrel Coffee, 0.418303847313, 2 Burrows St, Excelsior, San Francisco, CA 94134
Mazarine Coffee, 0.418303847313, 720 Market St, Union Square, San Francisco, CA 94102
Chatz Roasting Company, 0.417998790741, 215 2nd St, Financial District, San Francisco, CA 94105
Destiny Coffee and Tea, 0.417693734169, 605 Kearny St, Chinatown, San Francisco, CA 94108
Cafe La Boheme, 0.417114078999, 3318 24th St, Mission, San Francisco, CA 94110
Jasmin's Cafe, 0.417114078999, 809 Bush St, Nob Hill, San Francisco, CA 94108
Philz Coffee Truck, 0.417083591223, Financial District, San Francisco, CA
Earth's Coffee, 0.417083591223, 3400 Geary Blvd, Laurel Heights, San Francisco, CA 94118
The Little Spot Cafe, 0.416473478079, 1199 S Van Ness Ave, Mission, San Francisco, CA 94110
Dynamo Donut + Coffee, 0.416168391705, 110 Yacht Rd, Marina/Cow Hollow, San Francisco, CA 94123
Coffee Mine, 0.416168391705, 79 9th St, SoMa, San Francisco, CA 94103
Maxfield's House of Caffeine, 0.415588766336, 398 Dolores St, Castro, San Francisco, CA 94110
Fresh Bay Cafe, 0.415558278561, 3659 Buchanan St, Marina/Cow Hollow, San Francisco, CA 94123
Peet's Coffee & Tea, 0.415558278561, 2080 Chestnut St, Marina/Cow Hollow, San Francisco, CA 94123
La PanotiQ, 0.415558278561, 2234 Chestnut St, Marina/Cow Hollow, San Francisco, CA 94123
Prima Cafe, 0.415558278561, 215 Fremont St, Financial District, San Francisco, CA 94105
Acre Coffee, 0.414948135614, 525 Golden Gate Ave, Civic Center, San Francisco, CA 94102
La Capra, 0.414948135614, 50 Fremont St, Ste 110, Financial District, San Francisco, CA 94105
Joey & Pat's Italian Bakery & Cafe, 0.414643079042, 2499 Folsom  St, Mission, San Francisco, CA 94110
Prima Cosa Caffe, 0.41433802247, One Embarcadero, Financial District, San Francisco, CA 94111
Rouge et Blanc, 0.414063453674, 334 Grant Ave, Union Square, San Francisco, CA 94108
Starbucks, 0.413727879524, 199 Fremont St, Unit 110, Financial District, San Francisco, CA 94105
Blue Bottle Coffee, 0.413422822952, 115 Sansome Street, Financial District, San Francisco, CA 94104
Howard Street Coffee Roastery, 0.413422822952, 180 Howard St, Financial District, San Francisco, CA 94105
Jo Jo's Cafe, 0.412843197584, 1537 Ocean Ave, Ingleside, San Francisco, CA 94112
Cafe La Taza, 0.41253811121, 470 Post St, Union Square, San Francisco, CA 94102
Caffe Del Sole, 0.412507623434, 4342 California St, Inner Richmond, San Francisco, CA 94118
Equator Coffees & Teas, 0.412202566862, 986 Market St, Union Square, San Francisco, CA 94102
First Cup, 0.41189751029, 2911 Van Ness Ave, Marina/Cow Hollow, San Francisco, CA 94109
Tan Tan Coffee Shop, 0.411592453718, 1825 Post St, Japantown, San Francisco, CA 94115
Blue Fog Market, 0.411317884922, 2567 Gough St, Pacific Heights, San Francisco, CA 94123
Sur La Table, 0.411287367344, 845 Market St, Union Square, San Francisco, CA 94103
Coffee Bar, 0.411287367344, 433 Kearny St, Chinatown, San Francisco, CA 94108
Starbucks, 0.4106772542, 343 Sansome St, Financial District, San Francisco, CA 94111
NewTree Cafe & Chocolate Shop, 0.410372197628, 311 California St, Ste 120, Financial District, San Francisco, CA 94104
Bernie's, 0.410372197628, Crocker Galleria, 50 Post St, Financial District, San Francisco, CA 94104
Starbucks, 0.410372197628, 555 California St, Financial District, San Francisco, CA 94104
Coffee Smith, 0.410067111254, 401 Golden Gate Ave, Fl 2, Civic Center, San Francisco, CA 94102
Coffee Roaster, 0.410067111254, 536 Davis St, Financial District, San Francisco, CA 94111
Bancarella, 0.410067111254, 350 Post St, Union Square, San Francisco, CA 94102
People's Cafe, 0.409823060036, 1419 Haight St, The Haight, San Francisco, CA 94117
Coffee Cabin, 0.40945699811, 899 Hyde Street, Lower Nob Hill, San Francisco, CA 94109
Javalencia Cafe, 0.409151941538, 3900 3rd St, Bayview-Hunters Point, San Francisco, CA 94124
Nas Coffee, 0.409151941538, 101 Spear St, Financial District, San Francisco, CA 94105
Cafe Le, 0.40823674202, 2895 Van Ness Avenue, Marina/Cow Hollow, San Francisco, CA 94109
Starbucks, 0.40823674202, 1700 Owens St, SoMa, San Francisco, CA 94158
Silver Cafe, 0.407626599073, 4300 Mission St, Outer Mission, San Francisco, CA 94112
Blossom Bakery, 0.406406342983, 133 Waverly Pl, Chinatown, San Francisco, CA 94108
Cable Car Coffee Company, 0.406406342983, 900 Market Street, Union Square, San Francisco, CA 94102
Nameless Tea & Coffee, 0.406101286411, 981 Geneva Ave, Excelsior, San Francisco, CA 94112
Homeplate Boba, 0.406101286411, 131-155 King St, At&t Park, SoMa, San Francisco, CA 94107
Dignita, 0.405796229839, 2225 3rd St, Dogpatch, San Francisco, CA 94107
Peet's Coffee & Tea, 0.405491173267, BART Embarcadero Station, 298 Market St, Financial District, San Francisco, CA 94105
illy Caffè, 0.405491173267, 2055 Union St, Marina/Cow Hollow, San Francisco, CA 94123
Starbucks, 0.405186086893, Mollie Stone's, 2435 California St, Lower Pacific Heights, San Francisco, CA 94115
Law Cafe, 0.405186086893, 200 McAllister St, Civic Center, San Francisco, CA 94102
Cafe Francisco, 0.404911518097, 2161 Powell St, North Beach/Telegraph Hill, San Francisco, CA 94133
Cafe Annalita, 0.404881030321, 845 Howard St, SoMa, San Francisco, CA 94103
Special Xtra 2, 0.404881030321, 138 Minna St, Financial District, San Francisco, CA 94105
The Other Alex Cafe, 0.404575973749, 1600 Guerrero St, Bernal Heights, San Francisco, CA 94110
Simply Delight Cafe, 0.404270917177, 520 Leavenworth St, Tenderloin, San Francisco, CA 94109
Aroma Cafe, 0.404270917177, 528 Larkin St, Tenderloin, San Francisco, CA 94109
Starbucks, 0.403660774231, San Francisco Marriott Marquis, 55 4th St, Union Square, San Francisco, CA 94103
Espresso Subito, 0.403355717659, Financial District, San Francisco, CA 94111
Tu Kim Coffee Shop, 0.402745574713, 609 Ellis St, Tenderloin, San Francisco, CA 94109
BBC Cafe, 0.402745574713, 1485 Bayshore Blvd, Bayview-Hunters Point, San Francisco, CA 94124
Chatz Coffee Shop, 0.402745574713, 215 2nd St, The Haight, San Francisco, CA 94117
Grace Cathedral Coffee Shop, 0.402745574713, 1100 California St., Nob Hill, San Francisco, CA 94101
Gracie's Cafe Society, 0.402135461569, 241 Pine St, Financial District, San Francisco, CA 94104
SF Tea and Coffee, 0.401830404997, Pier 39, #106, North Beach/Telegraph Hill, San Francisco, CA 94133
Sunshine Laundry & Cafe, 0.401830404997, 517 O'farrell St, Tenderloin, San Francisco, CA 94102
Cup of Love, 0.401830404997, Pier 41, North Beach/Telegraph Hill, San Francisco, CA 94133
Astronaut Cafe, 0.401830404997, 428 11th St, SoMa, San Francisco, CA 94103
Bulldog Coffee, 0.401525318623, 888 Brannan St, SoMa, San Francisco, CA 94103
Hidden Paradise Cafe, 0.401525318623, 2590 Mission St, Mission, San Francisco, CA 94110
Bartlett Hall, 0.401525318623, 240 O'Farrell St, Union Square, San Francisco, CA 94102
Java Wasted Cafe, 0.401525318623, 105 Valencia St, SoMa, San Francisco, CA 94103
Cole Coffee, 0.401220262051, SoMa, San Francisco, CA
The Bean Coffee Company, 0.401220262051, 101 4th st, Financial District, San Francisco, CA 94103
Can Tho Coffee, 0.400915205479, 411 Ellis St, Tenderloin, San Francisco, CA 94102
Proxy, 0.400915205479, 432 Octavia Blvd, Hayes Valley, San Francisco, CA 94102
Cafe XO, 0.400640636683, 1799 Church St, Noe Valley, San Francisco, CA 94131
Starbucks, 0.400610148907, Pier 1, The Embarcadero & Washington St, Embarcadero, San Francisco, CA 94105
@café, 0.400610148907, AT&T Park, 24 Willie Mays Plz, SoMa, San Francisco, CA 94107
El Mercadito, 0.400610148907, 335 Jones St, Tenderloin, San Francisco, CA 94102
The Coffee Shack, 0.400610148907, 750 Kearny St, Financial District, San Francisco, CA 94108
Java Chez Moi, 0.400610148907, 1423 Polk St, Nob Hill, San Francisco, CA 94109
The Café, 0.400610148907, 1746 Post St, Japantown, San Francisco, CA 94115
On the Go Espresso, 0.400305062532, 100 Spear Street, Financial District, San Francisco, CA 94105
Confetti Cafe at Macy's, 0.400305062532, 170 O'Farrell Street, 4th Floor, Union Square, San Francisco, CA 94102
Caffe Roma Coffee Roasting Company, 0.400305062532, Civic Center, San Francisco, CA 94102
St. Luke's Hospital Coffee Cart, 0.400305062532, 1580 Valencia, Bernal Heights, San Francisco, CA 94110
Blue Tiger Coffee Service, 0.400305062532, 3224 B 23rd St, Mission, San Francisco, CA 94110
Yoogo Corporation, 0.400305062532, 601 Broadway, North Beach/Telegraph Hill, San Francisco, CA 94133
920 Express, 0.400305062532, 505 Parnassus Ave, Room M920, Inner Sunset, San Francisco, CA 94143
Mavericks Coffee, 0.400305062532, Diamond Heights, San Francisco, CA 94131
Peet's Coffee & Tea, 0.400305062532, AT&T Park, SoMa, San Francisco, CA 94107
Better Cup, 0.400305062532, 509 Illinois St, Potrero Hill, San Francisco, CA 94158
Cafe Art & Garden, 0.400305062532, 355 McAllister Street, Civic Center, San Francisco, CA 94102
De La Paz Coffee, 0.400305062532, Divisadero Farmers Market, 1322 Grove St, NoPa, San Francisco, CA 94117
Colognia Watercafe, 0.400305062532, 1111 Steiner St, Alamo Square, San Francisco, CA 94115
Gallery Cafe, 0.396979868412, 1200 Mason St, Nob Hill, San Francisco, CA 94108
Peet's Coffee & Tea, 0.393929213285, 2257 Market Street, Castro, San Francisco, CA 94114
Cup & Cake Cafe, 0.393624156713, 3500 Geary Blvd, Laurel Heights, San Francisco, CA 94118
Wise Sons Jewish Delicatessen, 0.393319100142, The Contemporary Jewish Museum, 736 Mission St, Union Square, San Francisco, CA 94103
Murata's Cafe Hana, 0.393014013767, 1737 Post St, Ste 368, Japantown, San Francisco, CA 94115
Sharetea, 0.392708957195, Metreon, 135 4th St, Financial District, San Francisco, CA 94103
Starbucks, 0.392708957195, 4094 18th St, Castro, San Francisco, CA 94114
Small Foods, 0.392708957195, 522 2nd St, SoMa, San Francisco, CA 94107
Cafe Bean, 0.392098844051, 800 Sutter St, Lower Nob Hill, San Francisco, CA 94109
Cafe Venue, 0.391793787479, 70 Leidesdorff St, Financial District, San Francisco, CA 94104
Thinkers Cafe, 0.391488701105, 1631 20th St, Potrero Hill, San Francisco, CA 94107
Quickly, 0.388132989407, 709 Larkin St, Tenderloin, San Francisco, CA 94109
Latte Express, 0.387522876263, 48 5th St, Union Square, San Francisco, CA 94103
Schoggi Imported Swiss Chocolates, 0.386912733316, 87 Yerba Buena Ln, Union Square, San Francisco, CA 94103
Cafe Cole, 0.385692477226, 609 Cole St, The Haight, San Francisco, CA 94117
Starbucks, 0.385387420654, 1899 Union St, Marina/Cow Hollow, San Francisco, CA 94123
The Posh Bagel, 0.384167164564, 4 Embarcadero Ctr, Financial District, San Francisco, CA 94111
Starbucks, 0.38233679533, 100 W Portal Ave, West Portal, San Francisco, CA 94127
Biscoff Coffee Corner, 0.381421595812, 39 Pier, Ste 213, North Beach/Telegraph Hill, San Francisco, CA 94133
Starbucks, 0.38111653924, 201 Spear St, Ste 100, Financial District, San Francisco, CA 94105
Starbucks, 0.380811452866, 7 3rd St, Union Square, San Francisco, CA 94103
Specialty's Cafe & Bakery, 0.380811452866, 500 Howard St, Financial District, San Francisco, CA 94105
Cafe Destijl, 0.380811452866, 1 Union St, North Beach/Telegraph Hill, San Francisco, CA 94111
Caffé Central, 0.380506396294, 170 O'farrell St, Union Square, San Francisco, CA 94102
Spiro, 0.380506396294, 826 Van Ness Ave, Tenderloin, San Francisco, CA 94109
Super Cue Cafe, 0.380201339722, 1330 Ocean Ave, Westwood Park, San Francisco, CA 94112
Espresso Roma Cafe, 0.379591196775, 3130 Fillmore St, Marina/Cow Hollow, San Francisco, CA 94123
Peet's Coffee & Tea, 0.379286140203, 2300 16th St, Ste 240, Mission, San Francisco, CA 94103
Latte Express, 0.379286140203, 648 4th St, SoMa, San Francisco, CA 94107
Gateway Croissant, 0.378370940685, 390 Golden Gate Ave, Civic Center, San Francisco, CA 94102
Chat's Roasting Company, 0.378065884113, 301 Arkansas St, Potrero Hill, San Francisco, CA 94107
Starbucks, 0.376540571451, 3995 24th St, Noe Valley, San Francisco, CA 94114
Hayes Valley Bakeworks, 0.376540571451, 550 Gough St, Hayes Valley, San Francisco, CA 94102
Cool Tea Bar, 0.376235514879, 643 Clay St, Financial District, San Francisco, CA 94111
Crave, 0.375655889511, 2164 Polk St, Russian Hill, San Francisco, CA 94109
Starbucks, 0.375625371933, 44 Montgomery St, Ste 1200, Financial District, San Francisco, CA 94104
Foundation Cafe, 0.375625371933, 335 Kearny St, Chinatown, San Francisco, CA 94108
All Star Cafe, 0.375625371933, 1500 Market St, Hayes Valley, San Francisco, CA 94102
Caffe Roma Coffee Roasting, 0.374100059271, 885 Bryant St, SoMa, San Francisco, CA 94103
Mitsu Teahouse, 0.373215377331, 22 Peace Plz, Ste 440, Japantown, San Francisco, CA 94115
Cumaica Coffee, 0.373184859753, 1398 Mission St, SoMa, San Francisco, CA 94103
Showplace Caffè, 0.372879803181, 715 Brannan St, SoMa, San Francisco, CA 94103
Starbucks, 0.372574746609, 455 Market St, Financial District, San Francisco, CA 94105
Cafe Encore, 0.372574746609, 488 Post St, Union Square, San Francisco, CA 94102
Moka Coffee, 0.372269660234, 1605 Polk St, Nob Hill, San Francisco, CA 94109
Starbucks, 0.371964603662, 490 Brannan St, SoMa, San Francisco, CA 94107
Notes From Underground, 0.371659547091, 2399 Van Ness Ave, Pacific Heights, San Francisco, CA 94109
Caffe Cento, 0.371659547091, 801 Powell St, Nob Hill, San Francisco, CA 94108
Peet's Coffee & Tea, 0.371049404144, 555 9th Street, Suite B5, SoMa, San Francisco, CA 94103
Starbucks, 0.370439291, 36 2nd St, Financial District, San Francisco, CA 94105
Starbucks, 0.370134234428, 201 3rd St, Financial District, San Francisco, CA 94103
Parlor 1255, 0.370134234428, 1255 Battery St, North Beach/Telegraph Hill, San Francisco, CA 94111
Starbucks, 0.369524091482, 264 Kearny St, Financial District, San Francisco, CA 94108
Barbary Coast, 0.369524091482, 55 Cyril Magnin St, Union Square, San Francisco, CA 94102
Boba Delight, 0.36921903491, 528 Larkin, Tenderloin, San Francisco, CA 94102
Starbucks, 0.368608891964, 390 Stockton St, Union Square, San Francisco, CA 94108
The Sage Cafe, 0.368303835392, 340 Grove St, Hayes Valley, San Francisco, CA 94102
Peet's Coffee & Tea, 0.367693722248, 1400 Van Ness Ave, Nob Hill, San Francisco, CA 94109
El Cafetazo, 0.367083579302, 3087 16th St, Mission, San Francisco, CA 94103
Muddy Waters Coffee House, 0.366809040308, 521 Valencia Street, Mission, San Francisco, CA 94110
The Coffee Bean & Tea Leaf, 0.36677852273, 155 Montgomery St, Financial District, San Francisco, CA 94104
Starbucks, 0.366473466158, 1298 Howard St, SoMa, San Francisco, CA 94103
What A Grind, 0.365863323212, 881 Post St, Lower Nob Hill, San Francisco, CA 94109
Cumaica Coffee, 0.36555826664, 4726 Mission St, Excelsior, San Francisco, CA 94112
Starbucks, 0.36555826664, 565 Clay St, Financial District, San Francisco, CA 94111
Pacific Puffs, 0.365253210068, San Francisco Westfield Ctr, 865 Market St, Union Square, San Francisco, CA 94103
Tazza D' Amore, 0.365253210068, King Caltrain Station, 700 4th St, SoMa, San Francisco, CA 94107
Creighton's Bakery & Cafe, 0.364948123693, 5214 Diamond Heights Blvd, Diamond Heights, San Francisco, CA 94131
Carlin's Cafe, 0.364643067122, 298 Valencia St, Mission, San Francisco, CA 94103
Cup & Cake Café, 0.36433801055, Pier 39, 2nd Level, North Beach/Telegraph Hill, San Francisco, CA 94133
Coffee Break, 0.36433801055, 4601 Geary Blvd, Inner Richmond, San Francisco, CA 94118
Starbucks, 0.36433801055, 425 Battery St, Financial District, San Francisco, CA 94111
Starbucks, 0.36433801055, The Embarcadero & Washington St, Embarcadero, San Francisco, CA 94111
Starbucks, 0.36433801055, 350 Parnassus St, Inner Sunset, San Francisco, CA 94117
Peet's Coffee & Tea, 0.364032953978, 595 Market St, Ste 143, Financial District, San Francisco, CA 94105
Starbucks, 0.363727867603, 52 California St, Financial District, San Francisco, CA 94111
Palio Cafe, 0.363117754459, 500 Parnassus Ave, Inner Sunset, San Francisco, CA 94122
Transit Cafe, 0.363117754459, 215 Lincoln Blvd, Presidio, San Francisco, CA 94129
Starbucks, 0.363117754459, 1255 Battery St, Ste 600, North Beach/Telegraph Hill, San Francisco, CA 94111
Starbucks, 0.362812697887, 295 California St, Financial District, San Francisco, CA 94111
Railroad Expresso, 0.362507611513, 705 Monterey Blvd, Outer Mission, San Francisco, CA 94127
Starbucks, 0.361592441797, 123 Mission St, Financial District, San Francisco, CA 94105
Il Caffe, 0.360982298851, Union Sq, Between Macy's and Saks 5th Ave, SoMa, San Francisco, CA 94199
Bom Dia Market, 0.360982298851, Noe Valley, 1598 Sanchez St, Noe Valley, San Francisco, CA 94131
Caffè D'Amore, 0.360372185707, Caltrain Station, 4th St & King St, SoMa, San Francisco, CA 94107
Starbucks, 0.360372185707, 99 Jackson St, Financial District, San Francisco, CA 94111
Tiffanys Cafe, 0.360067099333, 3801 3rd St, Bayview-Hunters Point, San Francisco, CA 94124
Starbucks, 0.360067099333, 3735 Buchanan St, Marina/Cow Hollow, San Francisco, CA 94123
Allstar Cafe, 0.359456986189, 98 9th St, SoMa, San Francisco, CA 94103
Ten Ren's Tea, 0.359151929617, 550 Grant Ave, Chinatown, San Francisco, CA 94108
Nena's Restaurant, 0.358846843243, 3459 Mission St, Bernal Heights, San Francisco, CA 94110
Starbucks, 0.358846843243, 398 Market St, Financial District, San Francisco, CA 94111
La Reyna Bakery & Coffee Shop, 0.358541786671, 3114 24th St, Mission, San Francisco, CA 94110
Les Croissants Cafe, 0.358236730099, 1840 Geary Blvd, Lower Pacific Heights, San Francisco, CA 94115
Tart To Tart, 0.357962191105, 90 New Montgomery St, Financial District, San Francisco, CA 94105
Peet's Coffee & Tea, 0.357626587152, 1 California St., Financial District, San Francisco, CA 94111
Quickly, 0.35610127449, 4482 Mission St, Outer Mission, San Francisco, CA 94112
Caffe Trinity, 0.35610127449, 1145 Market St, SoMa, San Francisco, CA 94103
Jeremiah's Pick Coffee Company, 0.355796217918, 1495 Evans Ave, Bayview-Hunters Point, San Francisco, CA 94124
Levi Plaza Cafe, 0.355186074972, 1155 Battery St, North Beach/Telegraph Hill, San Francisco, CA 94111
Javalencia Café, 0.355186074972, 1594 Market St, Hayes Valley, San Francisco, CA 94103
Starbucks, 0.354575961828, 701 Battery St, Financial District, San Francisco, CA 94111
Cafe Harrison, 0.354575961828, 1830 Harrison Street, Mission, San Francisco, CA 94103
Starbucks, 0.354575961828, 100 Montgomery St, Financial District, San Francisco, CA 94104
Road House Coffee Company, 0.354270905256, 5191 3rd St, Bayview-Hunters Point, San Francisco, CA 94124
Gallery Cafe Live, 0.354270905256, 587 Post St, Union Square, San Francisco, CA 94102
Caruso's, 0.354270905256, The Westin St Francis, 335 Powell St, Union Square, San Francisco, CA 94102
Academy Café, 0.35399633646, The California Academy of Sciences, 55 Music Concourse Dr, San Francisco, CA 94118
May's Coffee Shop, 0.35399633646, 1737 Post St, Japantown, San Francisco, CA 94115
Natural Tea Shop, 0.353355705738, 1199 #D Stockton Street, Chinatown, San Francisco, CA 94133
Blanc Cafe, 0.353355705738, 549 Irving St., Inner Sunset, San Francisco, CA 94122
Starbucks, 0.353355705738, 5290 Diamond Heights, Diamond Heights, San Francisco, CA 94131
Eva's Coffee, 0.353355705738, 1443 A Lombard St, Marina/Cow Hollow, San Francisco, CA 94123
Starbucks, 0.353050649166, 564 Market St, Financial District, San Francisco, CA 94105
Panda Boba, 0.353050649166, 2763 San Bruno Ave, Excelsior, San Francisco, CA 94134
Nas Coffee II, 0.35244050622, 275 Battery St, Financial District, San Francisco, CA 94111
United Nations Cafe, 0.35244050622, 1 United Nations Plaza, Civic Center, San Francisco, CA 94102
Starbucks, 0.352135449648, 100 1st St, Financial District, San Francisco, CA 94105
Starbucks, 0.352135449648, 170 O' Farrell, Union Square, San Francisco, CA 94102
Cafe Rocca, 0.352135449648, 100 Pine St, Financial District, San Francisco, CA 94111
Jims's Sandwich & Smoke Shop, 0.351830393076, 600 20th St, Dogpatch, San Francisco, CA 94107
La Noísette Cafe and Delí, 0.351525306702, 1905 Mission St, Mission, San Francisco, CA 94103
Galvanize Cafe, 0.351525306702, 44 Tehama St, 1st Fl, Financial District, San Francisco, CA 94105
Mint Cafe, 0.351525306702, 1 Dr Carlton B Goodlett Pl, Civic Center, San Francisco, CA 94102
Noble Groceries, 0.35122025013, 156 8th St, SoMa, San Francisco, CA 94103
Golden Gate University Cafe, 0.35122025013, 40 Jessie St, Financial District, San Francisco, CA 94105
Japan Home Center, 0.35122025013, 4653 Mission St, Excelsior, San Francisco, CA 94112
Good Morning Cafe, 0.35122025013, 845 Howard St, SoMa, San Francisco, CA 94103
Four Barrel Coffee Stand, 0.350610136986, 1 Sausalito - San Francisco Ferry Bldg, Embarcadero, San Francisco, CA 94111
Corazon, 0.350610136986, 2788 Mission St, Mission, San Francisco, CA 94110
San Francisco Coffee Roasting Co, 0.350610136986, Pier 39, North Beach/Telegraph Hill, San Francisco, CA 94133
Gaudi, 0.350610136986, 2944 16th St, Mission, San Francisco, CA 94103
Muddy's Coffee House, 0.347284942865, 1304 Valencia St, Mission, San Francisco, CA 94110
Morning Brew Cafe, 0.343319118023, 401 Sansome St, Financial District, San Francisco, CA 94111
The Posh Bagel, 0.339658349752, 742 Irving St, Inner Sunset, San Francisco, CA 94122
Quickly, 0.338468581438, 331 Clement St, Inner Richmond, San Francisco, CA 94118
Union Street Coffee Roastery, 0.337522894144, 2191 Union St, Marina/Cow Hollow, San Francisco, CA 94123
Quickly - Kobe Bento, 0.336912751198, 901 Kearny St, Chinatown, San Francisco, CA 94133
Starbucks, 0.335997581482, 201 Powell St, Union Square, San Francisco, CA 94102
Sacred Grounds Coffee House, 0.335692495108, 2095 Hayes St, NoPa, San Francisco, CA 94117
La Boulange de Sunset, 0.332031726837, 1266 9th Ave, Inner Sunset, San Francisco, CA 94122
Starbucks, 0.329286158085, 1390 Market St, Ste 107, Civic Center, San Francisco, CA 94102
The Roastery, 0.328981101513, 199 New Montgomery St, Financial District, San Francisco, CA 94105
Starbucks, 0.327455788851, 2165 Polk St, Russian Hill, San Francisco, CA 94109
Starbucks, 0.327150702477, 74 New Montgomery St, Ste 100, Financial District, San Francisco, CA 94105
Javalencia Cafe, 0.326845645905, 920 Valencia St, Mission, San Francisco, CA 94110
Beach Hut Cafe & Snack Bar, 0.325930446386, 1199 E Beach, Marina/Cow Hollow, San Francisco, CA 94123
Starbucks, 0.325320333242, 27 Drumm St, Financial District, San Francisco, CA 94111
Battery Street Coffee Roastery, 0.324405133724, 950 Battery St, North Beach/Telegraph Hill, San Francisco, CA 94111
Cafe Bellini, 0.324100077152, 865 Market St, Ste C46, Union Square, San Francisco, CA 94103
Starbucks, 0.32379502058, 1799 Fulton St, NoPa, San Francisco, CA 94117
Starbucks, 0.323489934206, 2132 Chestnut St, Marina/Cow Hollow, San Francisco, CA 94123
Chocolate Chair, 0.322879821062, 1737 Post St, Ste 383, Japantown, San Francisco, CA 94115
Starbucks, 0.322879821062, 462 Powell St, Union Square, San Francisco, CA 94102
Starbucks, 0.322879821062, 2222 Fillmore St, Pacific Heights, San Francisco, CA 94115
Caffe Moda, 0.32257476449, 160 7th St, SoMa, San Francisco, CA 94103
Starbucks, 0.321659564972, 120 4th St, Financial District, San Francisco, CA 94103
Roxanne Cafe, 0.321384996176, 570 Powell St, Union Square, San Francisco, CA 94108
Starbucks, 0.3213545084, 499 Bay St, North Beach/Telegraph Hill, San Francisco, CA 94133
Starbucks, 0.320744365454, 780 Market St, Union Square, San Francisco, CA 94102
Starbucks, 0.319219052792, 1401 Van Ness Ave, Lower Pacific Heights, San Francisco, CA 94109
Starbucks, 0.31891399622, 359 Grant Ave, Union Square, San Francisco, CA 94108
Cafe Muse, 0.316168397665, 785 8th Ave, Inner Richmond, San Francisco, CA 94118
Claddagh Coffee, 0.315558284521, 951 Geneva Ave, Excelsior, San Francisco, CA 94112
Starbucks, 0.315558284521, Nikko Hotel, 222 Mason St, Tenderloin, San Francisco, CA 94102
Starbucks, 0.314948141575, 1750 Divisadero St, Lower Pacific Heights, San Francisco, CA 94115
Starbucks, 0.314338028431, 350 Rhode Island, Potrero Hill, San Francisco, CA 94103
The Pub, 0.314032971859, Mission Bay Community Ctr, 1675 Owens St, SoMa, San Francisco, CA 94158
Chai-Yo Sweets & Treats, 0.314032971859, 1335 Polk St, Nob Hill, San Francisco, CA 94109
Pebbles Cafe, 0.313727885485, 2852 Diamond St, Glen Park, San Francisco, CA 94131
Lucky Ocean Cafe, 0.313422828913, 1501 Ocean Ave, Ingleside, San Francisco, CA 94112
Toast Eatery, 0.313117772341, 160 W Portal Ave, West Portal, San Francisco, CA 94127
Starbucks, 0.312812715769, 333 Market St, Financial District, San Francisco, CA 94105
Starbucks, 0.312507629395, 1560 Van Ness Ave, Nob Hill, San Francisco, CA 94109
Starbucks, 0.312507629395, 442 Geary St, Union Square, San Francisco, CA 94102
Cumaica Coffee, 0.311897516251, 2800 California St, Pacific Heights, San Francisco, CA 94115
Starbucks, 0.311592459679, 2018 Market St, Duboce Triangle, San Francisco, CA 94114
Teavana, 0.311287373304, 865 Market St, Union Square, San Francisco, CA 94103
Quickly - Kobe Bento, 0.31067726016, 44 W Portal Ave, West Portal, San Francisco, CA 94127
CCSF City Cafe, 0.309762060642, 50 Phelan Ave, Westwood Park, San Francisco, CA 94112
Silverstone Cafe, 0.30945700407, 3278 24th St, Mission, San Francisco, CA 94110
Focaccia Market & Bakery, 0.307626605034, 1198 Mission St, SoMa, San Francisco, CA 94102
Allstar Donuts & Sandwich, 0.307321548462, 1500 Market St, Hayes Valley, San Francisco, CA 94102
Starbucks, 0.306406348944, 1 Market Plz, Financial District, San Francisco, CA 94105
Bean Here, Brew That, 0.306406348944, 3901 18th St, Castro, San Francisco, CA 94114
Peet's Coffee & Tea Cart, 0.3057962358, 120 Stockton St, Union Square, San Francisco, CA 94108
Quickly, 0.30457597971, Fisherman Wharf, 2800 Leavenworth St, Ste A11, North Beach/Telegraph Hill, San Francisco, CA 94133
Starbucks, 0.304270923138, 789 Mission St, Financial District, San Francisco, CA 94103
Community Table, 0.303965836763, Jewish Community Center of San Francisco, 3200 California St, Pacific Heights, San Francisco, CA 94118
Ox Cafe & Tea, 0.303660780191, 798 S Van Ness Ave, Mission, San Francisco, CA 94110
Moolicious, 0.303355723619, 101 4th St, Financial District, San Francisco, CA 94103
SFAI Cafe, 0.302135467529, 800 Chestnut St, Russian Hill, San Francisco, CA 94133
Slow City Cafe, 0.301525324583, Civic Center Plz, Civic Center, San Francisco, CA 94102
Power Up Cafe, 0.301220268011, 1001 Brannan St, SoMa, San Francisco, CA 94103
Bien Hoa, 0.300915211439, 463 Ellis St, Tenderloin, San Francisco, CA 94102
Lost Ladle Cafe, 0.300915211439, 655 Montgomery St, Financial District, San Francisco, CA 94111
Tea & Red Wine, 0.300610154867, 1700 Polk St, Nob Hill, San Francisco, CA 94107
Gourmet Graffeo Coffee & Tea & Chocolate Truffles, 0.300610154867, 536 Davis Street, Financial District, San Francisco, CA 94111
Java Source Market, 0.300610154867, 500 2nd Ave, Inner Richmond, San Francisco, CA 94118
Drip, 0.300610154867, 1337 Sutter St, Lower Pacific Heights, San Francisco, CA 94109
Javawalk, 0.300305068493, North Beach/Telegraph Hill, San Francisco, CA 94133
3.3 Snack bar Cafe, 0.300305068493, 112 Waverly Pl, Chinatown, San Francisco, CA 94108
Tea Papa, 0.300305068493, 560 Balboa St, Inner Richmond, San Francisco, CA 94118
Honey Donut, 0.300305068493, 87 6th St, SoMa, San Francisco, CA 94103
Jittery John's, 0.300305068493, SoMa, San Francisco, CA
De La Paz Coffee, 0.300305068493, 933 Treat Ave, Mission, San Francisco, CA 94110
Chatime, 0.300305068493, 1170 Powell St, Chinatown, San Francisco, CA 94108
The Wheat House Bakery, 0.300305068493, 25 Leland Ave, Visitacion Valley, San Francisco, CA 94134
Dignita, 0.300305068493, 1028 Market St, Tenderloin, San Francisco, CA 94102
Cafe Vivo, 0.300305068493, 307 Kearny Street, Financial District, San Francisco, CA 94108
Royal Ground, 0.300305068493, 482 Hayes St, Hayes Valley, San Francisco, CA 94102
Starbucks, 0.284167170525, 744 Irving St, Inner Sunset, San Francisco, CA 94122
Starbucks, 0.275625377893, 865 Market St, Union Square, San Francisco, CA 94103
Quickly, 0.274405121803, 5301 Mission St, Crocker-Amazon, San Francisco, CA 94112
Quickly, 0.272879809141, 2845 Mission St, Mission, San Francisco, CA 94110
Starbucks, 0.271354496479, 1231 Market St, SoMa, San Francisco, CA 94103
Starbucks, 0.268303841352, 1501 Fillmore St, Western Addition, San Francisco, CA 94115
Peet's Coffee & Tea, 0.26677852869, Westfield San Francisco Centre Concourse Level, 845 Market St, Union Square, San Francisco, CA 94103
Specialty's Cafe & Bakery, 0.26433801651, 680 Folsom St, Financial District, San Francisco, CA 94107
Cafe Bellini, 0.262812703848, 17 Powell St, Union Square, San Francisco, CA 94102
Starbucks, 0.26189750433, 2801 Jones St, Ste 111, North Beach/Telegraph Hill, San Francisco, CA 94133
Starbucks, 0.260067105293, 333 O'Farrell St, Tenderloin, San Francisco, CA 94102
Starbucks, 0.259762048721, Macy's Union Square, 170 O'Farrell Street, 4th Fl, Union Square, San Francisco, CA 94102
Starbucks, 0.258541792631, 390 Stockton St, Union Square, San Francisco, CA 94108
Starbucks, 0.258541792631, 685 Beach St, Russian Hill, San Francisco, CA 94109
Starbucks, 0.257626593113, City Target, 85 Masonic Ave, Anza Vista, San Francisco, CA 94118
Starbucks, 0.257626593113, 299 2nd St, Financial District, San Francisco, CA 94105
Starbucks, 0.254270911217, 2020 Market St, Duboce Triangle, San Francisco, CA 94114
Starbucks, 0.254270911217, 299 2nd St, Financial District, San Francisco, CA 94105
Quickly, 0.253996342421, 1039 Ocean Ave, Ingleside, San Francisco, CA 94112
Java on Ocean, 0.253050655127, 1700 Ocean Ave, Mount Davidson Manor, San Francisco, CA 94112
Starbucks, 0.25244051218, Marriott Hotel, 55 Fourth St, Union Square, San Francisco, CA 94103
Cafe 101, 0.252135455608, 101 Henry Adams St, SoMa, San Francisco, CA 94103
The Windsor Tea Room, 0.25122025609, King George Hotel, 334 Mason St, Civic Center, San Francisco, CA 94102
Carousel Cafe, 0.25122025609, 221 4th St, Ste 5, Financial District, San Francisco, CA 94103
Intelligentsia Coffee, 0.25122025609, 1125 Mariposa St, Potrero Hill, San Francisco, CA 94107
Schwab Plaza Cafe, 0.250915199518, 211 Main Street, Financial District, San Francisco, CA 94105
Starbucks, 0.250915199518, 2300 16th St, Unit 203, Mission, San Francisco, CA 94103
Scooter, 0.250915199518, Montgomery Bart Station, 598 Market St, Financial District, San Francisco, CA 94104
Café Kendrick, 0.250915199518, 2199 Fulton St, Room 120, Inner Richmond, San Francisco, CA 94118
Steep Brew, 0.250915199518, 1765 California St, Lower Pacific Heights, San Francisco, CA 94109
Peet's Coffee & Tea, 0.250610142946, 3rd St & Terry Francois Blvd, SoMa, San Francisco, CA 94158
Cafe Razzi, 0.250610142946, 2565 3rd St, Ste 313, Dogpatch, San Francisco, CA 94107
Maggie's Cafe, 0.221354484558, 848 Grant Ave, Chinatown, San Francisco, CA 94108
Milk Tea on Fillmore, 0.210982307792, 1522 Fillmore St, Fillmore, San Francisco, CA 94115
Peace Cafe, 0.208846867085, Red Victorian Peace Center, 1665 Haight St, The Haight, San Francisco, CA 94117
Tan's Cafe III, 0.204270899296, 155 Francisco Street, North Beach/Telegraph Hill, San Francisco, CA 94133
Loop Neighborhood, 0.202745586634, 2890 3rd St, Potrero Hill, San Francisco, CA 94107
Java Xpress, 0.202135458589, 1095 Market St., Tenderloin, San Francisco, CA 94103
Outtakes Cafe at University of San Francisco, 0.202135458589, 2800 Turk Blvd, Inner Richmond, San Francisco, CA 94118
Segafredo Zanetti, 0.20122025907, 17 Powell Street, Union Square, San Francisco, CA 94104
John's Coffee Shop, 0.200915202498, 2738 Mission St, Mission, San Francisco, CA 94110
Sidewalk Café, 0.200305074453, 2001 Polk St, Nob Hill, San Francisco, CA 94109
Silverstone Cafe, 0.100305065513, 3278 24th St, Mission, San Francisco, CA 94110
Kopi Luwak Trading Company, 0.100305065513, 463 Union St, North Beach/Telegraph Hill, San Francisco, CA 94133
Adante's Inferno Internet Cafe, 0.100305065513, 608 Geary St, Lower Nob Hill, San Francisco, CA 94109
Tully's, 0.100305065513, 24 Willie Mays Plz, SoMa, San Francisco, CA 94107